market,company_name,buyer_type,email,phone,website,source_url,fit_notes,contact_status
Kansas City MO,Core Properties,fire_damage_cash_buyer,info@corehomebuyer.com,816-720-7557,https://corepropertieskc.com,https://corepropertieskc.com/sell-fire-damaged-house/,Public site says they buy fire-damaged homes as-is in Kansas City.,email_ready
Kansas City MO,KC Commercial and Residential Management,investor_rehab_operator,info@rentkc.net,816-453-5532,https://www.rentkc.net,https://www.rentkc.net/investor-info,Investor info page says they buy Kansas City rehab homes at low basis and have rehab portfolio/management infrastructure.,email_ready
Kansas City MO,Kansas City Home Buyers,fire_damage_cash_buyer,forms@123-sold.com,816-296-9589,https://homebuyerskansascity.com,https://homebuyerskansascity.com/sell-fire-damaged-house-kansas-city-mo/,Public site says they buy fire-damaged houses in Kansas City and can close quickly.,email_ready
Kansas City MO,Fast Kansas City Home Buyers,fire_damage_cash_buyer,,913-730-0086,https://fastkansascityhomebuyers.com,https://fastkansascityhomebuyers.com/sell-fire-damaged-house/,Public site says they buy burned properties across Kansas City; no direct public email found.,manual_phone_or_form
Kansas City MO,KC Property Guys,local_cash_buyer,,816-427-1114,https://www.kcpropertyguys.com,https://www.kcpropertyguys.com/,Public site says they buy houses as-is across Kansas City; no direct public email found.,manual_phone_or_form
Kansas City MO,All-Pro Renovations,investor_contractor,,913-291-8406,https://all-proserviceskc.com,https://all-proserviceskc.com/investors/,Investor contractor with heavy rehab crews and investor relationships; good referral/source candidate.,manual_phone_or_form
Kansas City MO,Rex Buys KC,local_cash_buyer,,816-895-2999,https://rexbuyskc.com,https://rexbuyskc.com/,Kansas City cash buyer; no direct public email found.,manual_phone_or_form
Kansas City MO,Elevate Design + Build,builder_investor_relations,,,https://elevatedesignbuildkc.com,https://elevatedesignbuildkc.com/investor-relations/,Builder with investor relations page; likely better for infill/new construction than burned shell unless land value works.,manual_form
Kansas City MO,Sunflower Development Group,urban_infill_developer,,,https://sunflowerkc.com,https://sunflowerkc.com/real-estate-development/urban-infill/,Urban infill developer; likely better for land/assemblage than single fire-damage house unless teardown/infill angle fits.,manual_form
